Ensembl.Gene.ID;GFP1;GFP2;GFP3;S1;S2;S3
ENSMUSG00000000037;65;64;94;9;11;11
ENSMUSG00000001123;109;74;77;36;44;38
ENSMUSG00000001497;74;100;89;45;28;35
ENSMUSG00000002006;55;62;43;9;9;18
ENSMUSG00000002109;34;38;41;18;14;20
ENSMUSG00000002249;152;155;154;58;69;65
ENSMUSG00000002803;47;45;59;15;12;15
ENSMUSG00000002831;268;289;322;91;88;82
ENSMUSG00000003032;1870;2154;1878;854;802;760
ENSMUSG00000003341;17;17;21;8;3;2
ENSMUSG00000003411;26;31;33;6;6;7
ENSMUSG00000004113;31;54;52;0;2;1
ENSMUSG00000004151;104;115;120;41;34;34
ENSMUSG00000004347;68;78;101;1;4;4
ENSMUSG00000004552;765;908;891;278;240;247
ENSMUSG00000004633;26;47;58;0;1;0
ENSMUSG00000004791;42;60;58;19;21;12
ENSMUSG00000004885;289;303;254;69;64;72
ENSMUSG00000004961;37;41;36;0;0;1
ENSMUSG00000005583;291;296;316;148;148;139
ENSMUSG00000005836;53;65;60;12;9;14
ENSMUSG00000006717;172;174;190;84;95;84
ENSMUSG00000006958;30;46;29;8;10;5
ENSMUSG00000007039;137;143;159;75;63;49
ENSMUSG00000007379;59;62;71;32;23;26
ENSMUSG00000007653;19;23;26;6;5;5
ENSMUSG00000007655;3536;3773;3556;1789;1611;1573
ENSMUSG00000008305;902;1102;1115;371;337;328
ENSMUSG00000008489;29;41;44;17;15;18
ENSMUSG00000009731;26;19;26;6;4;5
ENSMUSG00000010476;161;176;192;0;0;0
ENSMUSG00000010803;30;21;28;5;4;3
ENSMUSG00000011256;217;272;281;113;121;118
ENSMUSG00000013089;184;200;205;105;75;70
ENSMUSG00000014158;123;170;171;43;40;46
ENSMUSG00000015224;50;43;51;9;11;10
ENSMUSG00000015243;191;230;257;26;22;28
ENSMUSG00000015247;225;246;236;91;91;95
ENSMUSG00000015709;121;127;128;38;28;33
ENSMUSG00000016024;26;9;16;1;0;0
ENSMUSG00000017057;49;63;55;6;6;6
ENSMUSG00000017943;12;10;12;1;2;1
ENSMUSG00000018507;22;19;14;4;3;4
ENSMUSG00000018740;15;16;12;2;2;3
ENSMUSG00000019124;443;498;456;225;223;161
ENSMUSG00000019647;38;39;35;16;14;11
ENSMUSG00000019726;958;1233;1311;603;498;479
ENSMUSG00000019851;386;414;447;200;194;187
ENSMUSG00000019852;64;80;73;0;0;4
ENSMUSG00000019894;318;358;350;91;71;78
ENSMUSG00000019966;737;785;802;288;255;251
ENSMUSG00000020102;8;6;11;0;0;0
ENSMUSG00000020173;29;40;55;7;17;16
ENSMUSG00000020431;16;8;10;1;1;0
ENSMUSG00000020432;32;24;29;9;4;4
ENSMUSG00000020788;38;54;36;15;17;14
ENSMUSG00000020900;153;180;172;32;29;18
ENSMUSG00000020937;664;786;746;398;348;338
ENSMUSG00000020950;69;67;61;7;22;23
ENSMUSG00000021047;68;79;98;7;5;3
ENSMUSG00000021182;146;172;184;51;52;32
ENSMUSG00000021186;88;70;69;8;7;7
ENSMUSG00000021209;22;25;25;6;7;4
ENSMUSG00000021226;274;336;292;111;93;100
ENSMUSG00000021281;1173;1284;1255;620;562;599
ENSMUSG00000021313;10;6;6;0;0;1
ENSMUSG00000021403;36;51;58;14;19;21
ENSMUSG00000021451;17;19;20;5;2;4
ENSMUSG00000021550;89;70;86;28;25;18
ENSMUSG00000021596;33;46;50;15;11;12
ENSMUSG00000021665;372;456;436;209;194;225
ENSMUSG00000021747;37;48;51;16;15;18
ENSMUSG00000021765;42;47;39;11;14;24
ENSMUSG00000021806;29;39;37;7;17;15
ENSMUSG00000021846;180;217;213;99;94;88
ENSMUSG00000022032;601;666;673;119;123;125
ENSMUSG00000022223;6;8;3;0;0;0
ENSMUSG00000022240;19;20;22;1;2;3
ENSMUSG00000022330;5;8;4;0;0;0
ENSMUSG00000022332;154;168;177;32;33;31
ENSMUSG00000022371;41;45;41;7;5;7
ENSMUSG00000022596;40;43;51;0;1;0
ENSMUSG00000022598;76;92;76;9;4;8
ENSMUSG00000022754;40;39;38;7;4;2
ENSMUSG00000022847;8;25;25;2;8;1
ENSMUSG00000022865;341;441;445;113;76;99
ENSMUSG00000023092;344;375;332;9;5;9
ENSMUSG00000023826;38;38;80;22;15;28
ENSMUSG00000023913;70;65;60;13;13;18
ENSMUSG00000024109;20;31;31;1;2;4
ENSMUSG00000024190;290;308;311;168;135;132
ENSMUSG00000024376;247;270;362;156;129;111
ENSMUSG00000024421;24;27;42;4;3;2
ENSMUSG00000024502;6;8;13;0;0;1
ENSMUSG00000024610;38;47;49;13;11;12
ENSMUSG00000024646;757;814;873;201;198;191
ENSMUSG00000024769;33;49;51;20;15;21
ENSMUSG00000025002;14;13;14;5;1;3
ENSMUSG00000025026;830;944;871;451;423;363
ENSMUSG00000025176;48;59;49;29;28;12
ENSMUSG00000025185;1268;1452;1358;599;531;611
ENSMUSG00000025413;484;502;468;228;177;188
ENSMUSG00000025504;102;97;99;30;25;30
ENSMUSG00000025592;16;18;25;9;1;5
ENSMUSG00000025607;405;421;421;226;189;176
ENSMUSG00000025665;73;50;50;14;13;5
ENSMUSG00000025736;115;135;134;44;45;35
ENSMUSG00000025780;30;46;47;1;3;3
ENSMUSG00000025791;336;361;334;139;133;141
ENSMUSG00000026123;85;90;104;38;30;47
ENSMUSG00000026249;294;328;286;34;32;30
ENSMUSG00000026360;72;85;94;16;16;10
ENSMUSG00000026482;760;855;893;391;309;326
ENSMUSG00000026527;15;13;13;1;1;0
ENSMUSG00000026586;823;914;906;146;150;140
ENSMUSG00000026748;133;156;178;75;77;77
ENSMUSG00000026893;22;24;32;9;5;5
ENSMUSG00000026923;82;108;107;45;23;35
ENSMUSG00000027070;19;28;19;6;3;4
ENSMUSG00000027111;94;105;109;15;21;19
ENSMUSG00000027199;20;24;11;4;1;2
ENSMUSG00000027200;9;20;13;2;2;1
ENSMUSG00000027254;1210;1347;1331;415;370;331
ENSMUSG00000027332;183;166;174;83;81;69
ENSMUSG00000027500;38;49;39;4;0;4
ENSMUSG00000027555;330;434;372;173;151;161
ENSMUSG00000027656;706;717;720;185;174;172
ENSMUSG00000027792;109;135;124;7;13;8
ENSMUSG00000027827;168;133;184;79;74;49
ENSMUSG00000027931;29;41;45;11;7;15
ENSMUSG00000027955;235;242;243;29;32;32
ENSMUSG00000027994;48;51;61;14;19;12
ENSMUSG00000028020;91;104;102;48;34;33
ENSMUSG00000028164;17;23;24;5;4;3
ENSMUSG00000028358;70;75;85;3;4;8
ENSMUSG00000028367;3775;4142;3784;1883;1740;1869
ENSMUSG00000028369;15;22;23;0;1;1
ENSMUSG00000028378;225;268;267;81;69;70
ENSMUSG00000028383;190;171;169;67;71;70
ENSMUSG00000028391;82;78;88;43;32;37
ENSMUSG00000028393;787;888;833;342;347;327
ENSMUSG00000028394;656;645;670;322;327;297
ENSMUSG00000028397;559;653;716;374;299;282
ENSMUSG00000028398;240;297;244;137;90;102
ENSMUSG00000028399;167;205;218;3;4;3
ENSMUSG00000028402;2104;2381;2449;1043;913;927
ENSMUSG00000028414;639;653;697;293;249;255
ENSMUSG00000028426;5753;6144;5805;3045;2892;2771
ENSMUSG00000028434;116;112;129;7;7;6
ENSMUSG00000028484;2511;2581;2579;1311;1235;1157
ENSMUSG00000028495;7929;8256;7519;3084;2871;2768
ENSMUSG00000028496;1519;1698;2047;945;794;825
ENSMUSG00000028514;3277;3697;3866;1531;1335;1285
ENSMUSG00000028518;151;155;176;42;25;50
ENSMUSG00000028519;5;3;11;0;0;0
ENSMUSG00000028521;428;476;468;245;192;198
ENSMUSG00000028522;1321;1407;1514;638;543;513
ENSMUSG00000028527;765;858;750;306;291;281
ENSMUSG00000028530;2306;2617;2479;1139;1028;995
ENSMUSG00000028549;47;56;53;14;26;8
ENSMUSG00000028550;255;257;294;106;113;113
ENSMUSG00000028560;2290;2313;2249;895;813;797
ENSMUSG00000028576;910;904;960;320;264;282
ENSMUSG00000028577;2609;2710;2684;1118;988;1064
ENSMUSG00000028587;605;631;710;148;134;125
ENSMUSG00000028600;39;39;53;13;7;14
ENSMUSG00000028601;284;294;304;135;93;92
ENSMUSG00000028603;80;96;74;29;25;28
ENSMUSG00000028607;308;390;308;119;156;132
ENSMUSG00000028608;349;382;402;182;175;169
ENSMUSG00000028609;582;621;533;287;286;264
ENSMUSG00000028614;1612;1891;1792;862;778;784
ENSMUSG00000028617;538;600;568;256;230;220
ENSMUSG00000028619;316;319;304;140;119;111
ENSMUSG00000028621;115;157;152;71;68;63
ENSMUSG00000028622;622;638;636;316;300;256
ENSMUSG00000028776;740;832;755;425;349;360
ENSMUSG00000028780;122;149;132;75;50;43
ENSMUSG00000028972;27;32;39;2;4;1
ENSMUSG00000029212;30;31;40;1;2;0
ENSMUSG00000029307;7;11;6;0;0;0
ENSMUSG00000029403;48;54;41;21;10;17
ENSMUSG00000029468;88;88;83;33;32;33
ENSMUSG00000029563;10;20;16;4;3;1
ENSMUSG00000029816;307;373;352;92;106;95
ENSMUSG00000029994;1283;1343;1256;668;684;576
ENSMUSG00000030020;189;198;254;51;49;50
ENSMUSG00000030087;50;61;65;17;23;22
ENSMUSG00000030110;224;219;207;48;50;51
ENSMUSG00000030259;701;776;741;372;327;326
ENSMUSG00000030279;392;441;463;235;197;196
ENSMUSG00000030287;621;740;806;387;313;308
ENSMUSG00000030309;100;92;103;44;59;43
ENSMUSG00000030522;438;505;498;227;188;198
ENSMUSG00000030785;26;13;14;4;4;3
ENSMUSG00000030905;6;9;12;0;0;0
ENSMUSG00000031066;105;139;125;48;23;34
ENSMUSG00000031098;64;82;85;19;22;16
ENSMUSG00000031239;48;72;37;14;10;16
ENSMUSG00000031337;184;225;218;120;91;98
ENSMUSG00000031451;22;31;26;6;4;9
ENSMUSG00000031543;9;22;26;3;3;1
ENSMUSG00000031618;30;49;58;5;4;1
ENSMUSG00000031626;69;101;97;31;37;35
ENSMUSG00000031762;672;747;694;185;174;163
ENSMUSG00000031841;663;783;1016;436;351;406
ENSMUSG00000031877;112;120;142;45;38;45
ENSMUSG00000031934;158;172;183;72;54;63
ENSMUSG00000032006;17;15;18;4;4;1
ENSMUSG00000032020;17;22;21;5;1;7
ENSMUSG00000032024;53;69;85;27;24;31
ENSMUSG00000032118;126;147;132;44;45;37
ENSMUSG00000032175;634;684;690;311;245;264
ENSMUSG00000032186;45;61;63;12;9;7
ENSMUSG00000032238;206;245;305;130;107;138
ENSMUSG00000032401;60;71;65;38;29;29
ENSMUSG00000032549;257;258;237;51;48;47
ENSMUSG00000032557;749;837;787;422;364;369
ENSMUSG00000032769;6;14;17;1;1;1
ENSMUSG00000032878;70;71;74;18;19;14
ENSMUSG00000032925;83;104;128;16;19;21
ENSMUSG00000033060;167;176;210;63;74;56
ENSMUSG00000033308;10;10;11;0;0;0
ENSMUSG00000034110;57;49;48;18;9;13
ENSMUSG00000034413;173;220;216;105;97;87
ENSMUSG00000034610;1101;1195;1181;622;500;522
ENSMUSG00000034614;169;167;140;80;68;70
ENSMUSG00000034636;1455;1668;1587;626;601;476
ENSMUSG00000034762;49;55;68;32;21;25
ENSMUSG00000034780;184;229;251;49;43;41
ENSMUSG00000034926;1297;1428;1282;660;550;636
ENSMUSG00000035069;209;215;257;99;75;73
ENSMUSG00000035126;169;164;188;49;31;49
ENSMUSG00000035184;40;26;37;10;11;11
ENSMUSG00000035212;409;425;398;199;170;182
ENSMUSG00000035275;45;59;55;7;5;6
ENSMUSG00000035299;380;460;540;125;92;101
ENSMUSG00000035305;42;56;66;4;3;2
ENSMUSG00000035868;39;36;41;20;18;15
ENSMUSG00000036019;102;122;151;10;9;11
ENSMUSG00000036223;95;107;88;56;38;42
ENSMUSG00000036377;89;123;115;43;46;35
ENSMUSG00000036611;16;16;21;6;3;2
ENSMUSG00000036834;26;31;53;18;14;15
ENSMUSG00000037031;407;397;399;194;156;216
ENSMUSG00000037086;20;21;15;3;2;1
ENSMUSG00000037362;97;109;109;42;40;37
ENSMUSG00000037379;23;12;16;1;1;1
ENSMUSG00000037902;23;31;14;4;1;3
ENSMUSG00000037973;7;9;8;1;0;0
ENSMUSG00000038024;1258;1490;1411;719;572;617
ENSMUSG00000038047;1102;1279;1213;626;547;513
ENSMUSG00000038235;108;113;112;31;29;35
ENSMUSG00000038422;95;118;110;52;53;52
ENSMUSG00000038451;81;94;119;52;41;49
ENSMUSG00000038544;421;433;394;218;179;199
ENSMUSG00000038618;58;53;38;15;17;13
ENSMUSG00000038742;225;241;243;34;21;39
ENSMUSG00000038764;349;406;476;120;111;117
ENSMUSG00000038827;710;738;675;299;284;237
ENSMUSG00000039004;86;102;108;17;15;6
ENSMUSG00000039005;862;987;947;440;390;356
ENSMUSG00000039105;1153;1197;1110;604;578;532
ENSMUSG00000039158;160;213;217;65;79;75
ENSMUSG00000039239;611;751;732;193;165;155
ENSMUSG00000039270;320;349;383;150;124;143
ENSMUSG00000039298;1309;1520;1578;696;548;539
ENSMUSG00000039347;33;49;43;17;17;16
ENSMUSG00000039611;15;15;9;0;0;0
ENSMUSG00000039616;40;41;34;17;13;11
ENSMUSG00000039742;21;19;23;9;3;5
ENSMUSG00000039745;106;104;97;16;22;15
ENSMUSG00000040003;414;437;741;149;126;124
ENSMUSG00000040009;48;39;49;22;24;18
ENSMUSG00000040037;17;30;32;0;0;0
ENSMUSG00000040181;7;8;6;0;0;0
ENSMUSG00000040289;24;27;17;1;4;2
ENSMUSG00000040329;61;39;46;24;24;25
ENSMUSG00000040428;33;32;44;15;16;15
ENSMUSG00000040717;41;47;51;18;17;22
ENSMUSG00000040721;81;102;89;56;46;33
ENSMUSG00000040732;5;4;7;0;0;0
ENSMUSG00000041144;148;158;208;69;50;53
ENSMUSG00000041417;1832;2102;2025;1084;955;909
ENSMUSG00000041439;201;238;230;70;67;60
ENSMUSG00000041552;29;27;26;12;7;13
ENSMUSG00000041559;22;24;22;8;6;8
ENSMUSG00000041577;1131;1366;1345;154;168;167
ENSMUSG00000041624;59;62;82;13;14;7
ENSMUSG00000041757;323;325;377;7;3;3
ENSMUSG00000041842;80;78;63;23;23;27
ENSMUSG00000041912;30;25;30;6;6;8
ENSMUSG00000042115;416;431;378;152;139;124
ENSMUSG00000042195;7;18;11;0;0;0
ENSMUSG00000042258;13;10;12;0;0;0
ENSMUSG00000042284;20;28;11;3;6;5
ENSMUSG00000042359;109;119;117;28;25;26
ENSMUSG00000042613;322;373;443;198;185;161
ENSMUSG00000042686;93;104;141;64;42;49
ENSMUSG00000042751;61;59;57;26;29;30
ENSMUSG00000043556;14;18;22;1;0;2
ENSMUSG00000043753;43;34;31;8;10;8
ENSMUSG00000043822;139;181;163;24;15;11
ENSMUSG00000043895;435;437;440;226;206;205
ENSMUSG00000044068;76;74;53;30;25;24
ENSMUSG00000044197;142;149;160;63;57;65
ENSMUSG00000044365;19;20;20;5;1;2
ENSMUSG00000044734;35;49;35;8;11;8
ENSMUSG00000045007;20;22;18;5;3;2
ENSMUSG00000045071;323;371;392;186;134;150
ENSMUSG00000045103;79;81;121;45;35;51
ENSMUSG00000045136;89;108;115;19;27;17
ENSMUSG00000045319;37;43;37;16;14;16
ENSMUSG00000045658;126;148;220;53;37;37
ENSMUSG00000045679;225;237;255;115;99;94
ENSMUSG00000046178;45;44;88;0;0;0
ENSMUSG00000046442;104;130;143;19;15;18
ENSMUSG00000046447;33;37;28;13;12;15
ENSMUSG00000046449;33;54;41;0;1;3
ENSMUSG00000046711;2445;2721;2467;1135;1135;1116
ENSMUSG00000046727;84;94;69;30;14;16
ENSMUSG00000047161;17;25;29;0;0;0
ENSMUSG00000047238;14;8;13;0;0;3
ENSMUSG00000047557;246;251;203;124;93;100
ENSMUSG00000047787;19;22;16;1;4;2
ENSMUSG00000048078;775;987;1119;368;321;306
ENSMUSG00000048216;20;36;30;4;9;5
ENSMUSG00000048351;205;214;209;86;85;103
ENSMUSG00000048388;144;189;147;39;68;53
ENSMUSG00000048416;36;37;23;10;5;7
ENSMUSG00000048706;1432;1478;1662;551;483;513
ENSMUSG00000049100;80;76;90;1;0;0
ENSMUSG00000049420;11;15;10;3;2;0
ENSMUSG00000049511;33;48;44;6;3;2
ENSMUSG00000049556;21;21;14;3;4;5
ENSMUSG00000049791;87;91;102;42;44;47
ENSMUSG00000049858;56;67;51;19;20;16
ENSMUSG00000050052;8;5;8;0;0;0
ENSMUSG00000050212;56;74;55;2;2;1
ENSMUSG00000050549;15;21;18;8;3;3
ENSMUSG00000050777;25;38;25;9;11;7
ENSMUSG00000050812;4210;4712;4670;2222;1834;1866
ENSMUSG00000051022;6;6;10;0;0;1
ENSMUSG00000051379;17;19;21;5;5;5
ENSMUSG00000051675;639;763;652;344;282;314
ENSMUSG00000051951;16;29;33;1;4;0
ENSMUSG00000051977;37;45;56;7;6;3
ENSMUSG00000052372;79;92;161;23;14;27
ENSMUSG00000052407;186;187;246;96;75;82
ENSMUSG00000052479;48;48;71;3;0;0
ENSMUSG00000052504;36;57;66;34;26;12
ENSMUSG00000052726;392;421;567;249;166;234
ENSMUSG00000052914;352;415;456;183;130;146
ENSMUSG00000053414;7;8;9;0;0;1
ENSMUSG00000053965;14;11;17;1;1;0
ENSMUSG00000054000;84;87;70;34;35;25
ENSMUSG00000054409;85;91;83;39;40;40
ENSMUSG00000054474;12;15;9;3;1;2
ENSMUSG00000054640;16;23;40;0;0;0
ENSMUSG00000054752;190;201;214;80;70;59
ENSMUSG00000055296;1528;1845;1891;955;776;800
ENSMUSG00000055407;501;570;625;260;259;252
ENSMUSG00000055421;51;63;56;10;13;14
ENSMUSG00000055435;62;100;93;35;36;37
ENSMUSG00000055725;370;396;347;154;134;136
ENSMUSG00000055850;91;90;118;51;47;40
ENSMUSG00000056004;30;49;54;14;4;6
ENSMUSG00000056486;13;21;27;6;3;4
ENSMUSG00000056673;999;1088;1157;2;2;2
ENSMUSG00000056772;26;14;25;8;6;3
ENSMUSG00000057182;5;5;9;0;0;0
ENSMUSG00000057375;209;244;224;116;99;95
ENSMUSG00000057614;33;33;30;0;0;0
ENSMUSG00000057895;18;24;15;0;0;0
ENSMUSG00000057969;80;88;68;11;13;6
ENSMUSG00000058656;71;101;107;24;12;17
ENSMUSG00000059401;82;93;117;20;16;22
ENSMUSG00000059588;181;214;244;73;83;64
ENSMUSG00000059921;199;249;248;37;17;25
ENSMUSG00000060275;90;123;146;12;6;6
ENSMUSG00000060487;14;15;16;1;1;0
ENSMUSG00000060600;326;315;348;159;163;135
ENSMUSG00000061654;29;18;24;3;4;4
ENSMUSG00000061769;25;22;40;3;6;7
ENSMUSG00000061887;1189;1341;1433;654;562;576
ENSMUSG00000062054;116;97;124;54;47;61
ENSMUSG00000062627;659;707;777;329;275;274
ENSMUSG00000062753;124;116;131;62;55;66
ENSMUSG00000062937;8456;9004;8863;3839;3462;3430
ENSMUSG00000063011;294;332;345;54;68;51
ENSMUSG00000063172;152;159;185;59;59;60
ENSMUSG00000063286;47;47;50;22;12;16
ENSMUSG00000063767;32;24;26;6;7;8
ENSMUSG00000063800;799;763;849;237;209;180
ENSMUSG00000063875;53;30;43;18;17;18
ENSMUSG00000064356;320;312;393;178;165;157
ENSMUSG00000066000;213;264;199;119;85;92
ENSMUSG00000066113;19;16;24;1;2;1
ENSMUSG00000066148;636;728;593;339;305;307
ENSMUSG00000066150;834;954;875;411;379;382
ENSMUSG00000066152;66;67;75;34;14;14
ENSMUSG00000068205;67;51;75;29;15;21
ENSMUSG00000068457;1422;1563;1935;0;1;1
ENSMUSG00000068699;899;1107;984;125;123;125
ENSMUSG00000068747;36;51;68;11;15;10
ENSMUSG00000069045;1887;2025;2031;1;2;2
ENSMUSG00000069049;1390;1533;1610;2;1;5
ENSMUSG00000069833;22801;29728;28273;15114;12353;11730
ENSMUSG00000070643;48;59;54;16;21;19
ENSMUSG00000070923;1920;2043;1702;888;779;801
ENSMUSG00000070934;925;1027;891;435;426;441
ENSMUSG00000071369;115;133;139;63;44;46
ENSMUSG00000071604;24;30;31;6;6;5
ENSMUSG00000071637;46;41;39;21;15;21
ENSMUSG00000071656;28;35;30;9;9;5
ENSMUSG00000071657;175;167;170;69;60;56
ENSMUSG00000071723;33;49;49;17;15;16
ENSMUSG00000072066;26;27;13;6;2;7
ENSMUSG00000072294;71;83;119;8;7;10
ENSMUSG00000073791;110;121;128;40;65;33
ENSMUSG00000073792;78;100;89;37;20;38
ENSMUSG00000074415;91;86;142;61;27;48
ENSMUSG00000074634;167;138;156;66;44;46
ENSMUSG00000074715;15;16;18;5;3;5
ENSMUSG00000074818;40;36;48;22;12;18
ENSMUSG00000074825;44;45;47;5;1;2
ENSMUSG00000075590;53;43;41;31;13;23
ENSMUSG00000078945;27;51;47;11;9;13
ENSMUSG00000079083;160;170;170;85;80;84
ENSMUSG00000081565;12;17;19;3;6;2
ENSMUSG00000083496;378;338;413;172;148;136
ENSMUSG00000084910;128;144;117;45;43;35
ENSMUSG00000084968;82;109;100;47;31;31
ENSMUSG00000085084;18;21;13;1;1;0
ENSMUSG00000085289;74;87;112;58;40;35
ENSMUSG00000085569;314;359;401;136;119;121
ENSMUSG00000086016;36;54;49;28;14;22
ENSMUSG00000086035;66;75;87;41;39;28
ENSMUSG00000086644;23;20;40;6;3;4
ENSMUSG00000086782;42;55;41;17;15;16
ENSMUSG00000087366;77;98;125;39;28;14
ENSMUSG00000090919;36;24;28;1;0;2
ENSMUSG00000092060;39;50;33;21;13;9
ENSMUSG00000092094;11;24;37;3;0;1
ENSMUSG00000095134;46;57;43;3;1;3
ENSMUSG00000095562;291;301;357;44;48;22
ENSMUSG00000096472;99;105;97;44;42;44
ENSMUSG00000096727;15;10;12;2;1;2
ENSMUSG00000096768;2751;3375;4043;402;297;360
ENSMUSG00000097015;30;25;33;7;8;6
ENSMUSG00000097040;53;68;102;0;0;0
ENSMUSG00000097178;7;3;5;0;0;0
ENSMUSG00000097851;12;19;15;2;6;1
ENSMUSG00000098557;145;138;131;36;35;26
ENSMUSG00000099871;5;9;11;0;1;0
ENSMUSG00000099876;55;72;57;0;0;0
ENSMUSG00000101549;20;18;15;5;4;3
ENSMUSG00000102758;190;180;287;84;85;77
ENSMUSG00000103921;37;34;48;19;8;13
ENSMUSG00000105402;25;22;24;9;7;10
ENSMUSG00000106990;63;60;41;25;23;29
ENSMUSG00000108218;9;18;10;3;0;1
ENSMUSG00000111058;30;26;32;11;10;7
ENSMUSG00000115388;36;39;49;9;14;17
ENSMUSG00000117251;28;31;32;15;12;10
ENSMUSG00000000275;2;3;4;197;154;140
ENSMUSG00000000276;57;57;56;135;118;107
ENSMUSG00000000290;82;104;115;199;189;171
ENSMUSG00000000317;6;6;9;191;197;169
ENSMUSG00000000340;105;112;107;248;197;219
ENSMUSG00000000440;3;0;0;12;14;6
ENSMUSG00000000489;411;440;439;909;838;854
ENSMUSG00000000552;107;105;122;186;157;160
ENSMUSG00000000555;951;1105;1070;2513;2219;2257
ENSMUSG00000000693;168;189;207;292;266;297
ENSMUSG00000000881;147;170;182;269;249;242
ENSMUSG00000001119;123;167;146;547;385;445
ENSMUSG00000001435;700;775;659;4584;4033;4081
ENSMUSG00000001436;346;405;410;699;627;619
ENSMUSG00000001510;1;1;1;116;106;110
ENSMUSG00000001552;93;121;103;243;218;244
ENSMUSG00000001555;23;30;44;1315;1128;1239
ENSMUSG00000001802;2;2;0;18;12;18
ENSMUSG00000001864;57;73;59;118;120;147
ENSMUSG00000001995;84;94;90;184;127;128
ENSMUSG00000002068;85;80;88;187;150;157
ENSMUSG00000002289;0;4;2;19;10;13
ENSMUSG00000002459;95;123;120;226;157;155
ENSMUSG00000002603;185;202;171;579;554;566
ENSMUSG00000002799;2;7;0;22;25;24
ENSMUSG00000002847;6;11;12;32;31;25
ENSMUSG00000002908;16;14;9;36;35;42
ENSMUSG00000002985;21;27;25;53;53;43
ENSMUSG00000003355;160;174;180;391;362;339
ENSMUSG00000003500;417;406;431;740;633;664
ENSMUSG00000003541;70;78;64;114;103;113
ENSMUSG00000003545;96;130;129;237;162;188
ENSMUSG00000003617;774;830;940;2143;1838;1931
ENSMUSG00000003814;2673;2731;2685;4915;4400;4460
ENSMUSG00000003948;70;98;78;158;119;137
ENSMUSG00000004098;5;7;6;28;26;38
ENSMUSG00000004105;1139;1295;1215;1993;1790;1834
ENSMUSG00000004460;412;448;449;677;635;675
ENSMUSG00000004668;1;2;4;14;14;15
ENSMUSG00000004952;83;70;81;291;270;282
ENSMUSG00000005124;1007;1170;1125;2122;1837;1767
ENSMUSG00000005360;8;15;16;117;85;96
ENSMUSG00000005397;34;46;47;110;83;95
ENSMUSG00000005447;18;12;13;76;85;84
ENSMUSG00000005686;105;113;104;223;188;192
ENSMUSG00000006219;61;61;74;144;126;136
ENSMUSG00000006345;0;0;0;14;8;13
ENSMUSG00000006369;5;4;9;83;79;69
ENSMUSG00000006403;30;35;37;65;73;54
ENSMUSG00000006586;199;253;239;487;409;383
ENSMUSG00000006638;91;88;116;161;127;157
ENSMUSG00000006731;39;52;45;79;66;88
ENSMUSG00000006931;61;65;80;504;462;433
ENSMUSG00000007908;8;5;10;38;46;26
ENSMUSG00000008090;95;114;106;198;159;175
ENSMUSG00000008136;204;239;238;583;504;500
ENSMUSG00000008318;28;36;33;68;52;57
ENSMUSG00000009035;783;757;791;1244;1121;1171
ENSMUSG00000009418;845;905;1054;1628;1349;1249
ENSMUSG00000009585;277;305;265;531;466;447
ENSMUSG00000009739;22;27;24;65;56;46
ENSMUSG00000009772;121;162;172;349;319;312
ENSMUSG00000010830;84;105;80;194;171;151
ENSMUSG00000012519;142;133;128;414;326;336
ENSMUSG00000012889;90;82;73;168;146;141
ENSMUSG00000013033;542;590;541;1019;954;925
ENSMUSG00000013415;38;51;35;116;97;108
ENSMUSG00000013846;66;79;63;317;265;298
ENSMUSG00000013921;0;0;1;63;62;66
ENSMUSG00000014329;67;65;63;427;338;350
ENSMUSG00000014778;254;281;249;446;390;344
ENSMUSG00000014782;37;44;28;86;87;75
ENSMUSG00000014786;167;172;198;366;275;296
ENSMUSG00000014791;8;5;12;34;26;22
ENSMUSG00000014856;151;178;133;250;248;211
ENSMUSG00000015027;91;107;113;242;201;195
ENSMUSG00000015354;172;168;195;358;326;306
ENSMUSG00000015377;65;78;92;140;104;131
ENSMUSG00000015501;405;464;481;933;764;772
ENSMUSG00000015962;3;5;2;33;29;37
ENSMUSG00000016028;5;8;6;31;35;41
ENSMUSG00000016128;401;426;405;737;591;588
ENSMUSG00000016262;471;554;493;954;815;881
ENSMUSG00000016356;28;33;30;118;96;86
ENSMUSG00000016520;88;96;99;191;170;183
ENSMUSG00000017002;1;0;0;11;9;10
ENSMUSG00000017132;165;190;227;364;300;282
ENSMUSG00000017176;129;144;143;343;278;316
ENSMUSG00000017446;188;195;189;420;346;361
ENSMUSG00000017667;107;123;118;203;159;182
ENSMUSG00000017692;18;17;18;45;29;39
ENSMUSG00000017737;10;8;6;31;38;23
ENSMUSG00000018474;481;467;460;999;896;901
ENSMUSG00000018750;75;80;75;181;156;155
ENSMUSG00000018920;1;2;1;30;30;22
ENSMUSG00000019082;123;129;143;205;210;200
ENSMUSG00000019122;120;148;128;229;226;195
ENSMUSG00000019188;330;380;365;758;593;603
ENSMUSG00000019539;2;7;1;15;14;16
ENSMUSG00000019564;26;24;27;60;48;44
ENSMUSG00000019577;56;44;35;128;124;96
ENSMUSG00000019792;197;241;289;408;363;366
ENSMUSG00000019796;6;14;6;23;25;32
ENSMUSG00000019810;67;69;57;182;147;138
ENSMUSG00000019823;8;12;12;56;47;40
ENSMUSG00000019929;1;0;0;22;16;26
ENSMUSG00000019944;88;98;97;175;152;165
ENSMUSG00000019970;775;810;732;2035;1774;1741
ENSMUSG00000019997;128;154;148;712;527;635
ENSMUSG00000020000;0;1;1;15;14;13
ENSMUSG00000020032;544;592;606;1092;875;935
ENSMUSG00000020048;4083;4387;4313;7481;6606;6652
ENSMUSG00000020092;81;103;107;186;148;151
ENSMUSG00000020154;3;3;3;246;242;238
ENSMUSG00000020176;87;111;75;1159;1049;1059
ENSMUSG00000020181;654;699;847;1416;1131;1158
ENSMUSG00000020186;162;196;174;276;283;255
ENSMUSG00000020225;134;184;186;267;244;267
ENSMUSG00000020241;24;25;19;77;56;76
ENSMUSG00000020260;315;302;296;498;491;496
ENSMUSG00000020262;187;174;207;626;522;485
ENSMUSG00000020312;1;3;4;19;25;17
ENSMUSG00000020377;138;161;144;315;323;307
ENSMUSG00000020400;333;349;317;545;495;518
ENSMUSG00000020423;181;173;190;440;379;378
ENSMUSG00000020427;129;133;126;214;201;207
ENSMUSG00000020484;366;349;321;599;534;562
ENSMUSG00000020553;12;11;4;31;26;32
ENSMUSG00000020589;15;21;22;67;51;62
ENSMUSG00000020609;1;1;3;21;16;20
ENSMUSG00000020614;546;609;629;986;859;933
ENSMUSG00000020654;17;16;12;130;111;120
ENSMUSG00000020671;583;638;604;1079;921;970
ENSMUSG00000020674;645;775;827;1219;1054;1106
ENSMUSG00000020689;66;91;90;276;198;185
ENSMUSG00000020721;544;662;637;1029;879;894
ENSMUSG00000020733;46;70;64;122;114;96
ENSMUSG00000020806;159;171;129;241;211;241
ENSMUSG00000020836;58;61;70;131;140;133
ENSMUSG00000020838;2;0;0;13;13;3
ENSMUSG00000020848;4;5;0;18;14;20
ENSMUSG00000020882;13;12;21;35;49;36
ENSMUSG00000020901;72;77;72;197;175;192
ENSMUSG00000021260;126;147;129;284;227;226
ENSMUSG00000021285;76;101;89;177;143;188
ENSMUSG00000021360;49;53;53;91;85;89
ENSMUSG00000021367;21;31;22;94;95;96
ENSMUSG00000021457;30;31;34;80;79;67
ENSMUSG00000021493;575;624;616;1082;897;962
ENSMUSG00000021611;5;4;6;135;105;90
ENSMUSG00000021614;301;349;350;635;489;562
ENSMUSG00000021662;85;89;96;238;191;195
ENSMUSG00000021732;9;9;6;29;22;20
ENSMUSG00000021779;269;304;384;681;543;567
ENSMUSG00000021822;70;75;72;240;230;200
ENSMUSG00000021913;64;71;64;99;115;95
ENSMUSG00000021948;3;2;0;97;107;106
ENSMUSG00000022037;5;6;3;12;17;29
ENSMUSG00000022074;128;120;138;240;217;215
ENSMUSG00000022098;344;398;429;715;592;609
ENSMUSG00000022144;388;448;449;754;634;646
ENSMUSG00000022146;153;171;170;320;265;258
ENSMUSG00000022206;112;115;127;258;241;237
ENSMUSG00000022231;507;593;679;1105;978;1051
ENSMUSG00000022297;5;6;6;53;46;35
ENSMUSG00000022299;72;87;58;119;118;104
ENSMUSG00000022305;184;215;225;418;306;355
ENSMUSG00000022311;25;39;45;182;138;156
ENSMUSG00000022325;571;610;596;1164;897;846
ENSMUSG00000022358;52;53;35;139;88;97
ENSMUSG00000022367;6;7;1;25;15;28
ENSMUSG00000022378;573;660;669;1107;916;941
ENSMUSG00000022412;552;607;542;1021;945;941
ENSMUSG00000022414;388;426;443;757;676;699
ENSMUSG00000022420;207;260;251;375;359;338
ENSMUSG00000022426;924;1054;977;1632;1512;1532
ENSMUSG00000022427;716;739;756;1229;1133;1078
ENSMUSG00000022433;485;549;516;1100;972;918
ENSMUSG00000022440;280;293;259;841;757;742
ENSMUSG00000022469;205;225;229;459;417;395
ENSMUSG00000022479;112;111;100;314;277;288
ENSMUSG00000022489;14;18;19;86;74;72
ENSMUSG00000022498;299;322;349;559;451;464
ENSMUSG00000022515;192;212;221;398;305;313
ENSMUSG00000022519;78;81;90;186;170;155
ENSMUSG00000022546;39;46;43;73;70;71
ENSMUSG00000022557;980;1013;919;1611;1462;1522
ENSMUSG00000022587;760;927;772;3572;3532;3515
ENSMUSG00000022602;11;6;8;77;62;59
ENSMUSG00000022610;1;3;5;12;17;12
ENSMUSG00000022661;59;65;68;150;139;118
ENSMUSG00000022665;11;10;8;96;87;64
ENSMUSG00000022704;351;390;413;654;558;522
ENSMUSG00000022750;254;308;288;638;620;603
ENSMUSG00000022768;14;17;24;57;62;63
ENSMUSG00000022769;73;78;78;148;108;131
ENSMUSG00000022788;14;17;16;51;38;34
ENSMUSG00000022799;159;146;144;342;271;261
ENSMUSG00000022816;2039;2261;2221;4143;3774;3897
ENSMUSG00000022885;22;29;43;121;103;113
ENSMUSG00000022894;172;252;244;365;313;342
ENSMUSG00000022906;135;161;135;336;286;279
ENSMUSG00000022912;131;147;137;280;265;291
ENSMUSG00000022947;66;63;40;107;86;107
ENSMUSG00000022995;729;880;776;1292;1204;1163
ENSMUSG00000023009;103;128;127;220;183;193
ENSMUSG00000023169;197;246;222;1021;923;839
ENSMUSG00000023206;20;24;24;167;119;111
ENSMUSG00000023232;0;0;0;7;8;2
ENSMUSG00000023800;223;258;298;480;375;423
ENSMUSG00000023886;28;27;31;532;473;454
ENSMUSG00000023915;101;96;89;211;194;163
ENSMUSG00000024066;277;268;254;533;455;454
ENSMUSG00000024127;352;406;343;600;510;538
ENSMUSG00000024155;3;1;1;11;9;13
ENSMUSG00000024164;22;34;30;113;103;119
ENSMUSG00000024268;8;7;10;72;47;44
ENSMUSG00000024330;83;102;110;277;208;195
ENSMUSG00000024349;7;9;5;28;31;30
ENSMUSG00000024423;476;515;523;1029;874;822
ENSMUSG00000024593;104;118;111;414;346;351
ENSMUSG00000024736;352;366;381;612;508;599
ENSMUSG00000024743;172;203;191;319;310;279
ENSMUSG00000024754;278;289;300;531;406;439
ENSMUSG00000024778;136;146;158;300;227;273
ENSMUSG00000024793;23;29;28;71;63;58
ENSMUSG00000024803;16;18;11;59;40;58
ENSMUSG00000024867;25;46;37;121;84;88
ENSMUSG00000024910;8;13;6;37;30;36
ENSMUSG00000024913;43;56;52;368;305;325
ENSMUSG00000024921;150;143;166;794;736;676
ENSMUSG00000024940;1119;1297;1283;2311;2083;2130
ENSMUSG00000025321;217;236;264;473;351;375
ENSMUSG00000025348;134;149;152;293;238;256
ENSMUSG00000025352;80;82;85;172;154;133
ENSMUSG00000025355;23;25;16;69;61;70
ENSMUSG00000025429;14;21;24;43;35;50
ENSMUSG00000025475;5;7;9;38;27;39
ENSMUSG00000025534;416;463;445;733;637;659
ENSMUSG00000025580;615;696;608;1183;1017;1082
ENSMUSG00000025591;174;174;185;290;280;235
ENSMUSG00000025650;26;15;28;58;55;49
ENSMUSG00000025743;663;686;705;1143;1040;1024
ENSMUSG00000025823;830;900;852;1656;1427;1561
ENSMUSG00000025854;147;149;156;277;248;263
ENSMUSG00000025856;212;231;185;493;439;440
ENSMUSG00000025857;243;243;266;430;352;403
ENSMUSG00000025921;252;275;269;608;624;573
ENSMUSG00000025940;230;213;252;454;405;381
ENSMUSG00000025959;390;492;521;906;744;737
ENSMUSG00000026043;4740;5150;5182;13153;11600;12090
ENSMUSG00000026068;432;450;471;1266;1159;1139
ENSMUSG00000026069;299;348;280;1170;972;982
ENSMUSG00000026072;152;161;155;306;267;270
ENSMUSG00000026080;3;9;11;37;23;25
ENSMUSG00000026102;83;111;96;168;132;140
ENSMUSG00000026177;6;2;0;13;17;18
ENSMUSG00000026204;2;10;14;50;60;36
ENSMUSG00000026207;292;337;304;661;514;552
ENSMUSG00000026211;199;265;251;495;467;476
ENSMUSG00000026259;63;70;72;158;140;124
ENSMUSG00000026269;122;154;111;217;201;237
ENSMUSG00000026308;156;156;136;313;299;292
ENSMUSG00000026414;83;64;70;441;444;401
ENSMUSG00000026430;121;160;144;267;212;232
ENSMUSG00000026494;258;282;320;656;507;538
ENSMUSG00000026576;58;40;33;155;149;145
ENSMUSG00000026589;10;12;7;131;93;113
ENSMUSG00000026620;64;73;67;188;183;176
ENSMUSG00000026628;62;70;73;121;114;107
ENSMUSG00000026675;181;206;197;330;283;290
ENSMUSG00000026676;13;11;28;68;68;69
ENSMUSG00000026773;89;87;88;177;157;165
ENSMUSG00000026817;639;660;559;1050;961;959
ENSMUSG00000026833;41;38;41;113;113;107
ENSMUSG00000026837;2426;2784;2762;6867;5898;5949
ENSMUSG00000026896;2;2;0;18;8;11
ENSMUSG00000026980;147;147;153;410;304;363
ENSMUSG00000027102;42;45;38;116;104;117
ENSMUSG00000027204;1696;2180;2094;3745;3190;3164
ENSMUSG00000027230;202;218;207;428;357;368
ENSMUSG00000027253;9;11;11;42;37;49
ENSMUSG00000027333;36;45;37;67;67;71
ENSMUSG00000027412;4;5;5;57;65;41
ENSMUSG00000027460;1;4;0;21;14;18
ENSMUSG00000027472;290;329;326;502;464;499
ENSMUSG00000027533;402;409;405;721;705;680
ENSMUSG00000027669;238;235;232;392;336;332
ENSMUSG00000027750;138;136;129;3674;3311;3326
ENSMUSG00000027800;29;40;33;560;528;554
ENSMUSG00000027820;906;930;1065;1730;1542;1712
ENSMUSG00000027848;60;55;45;218;145;154
ENSMUSG00000027859;113;139;172;318;211;256
ENSMUSG00000027894;6;5;2;49;32;28
ENSMUSG00000027919;7;4;8;61;48;51
ENSMUSG00000027985;111;122;110;343;300;292
ENSMUSG00000027995;59;71;47;151;109;133
ENSMUSG00000028128;85;97;88;184;154;150
ENSMUSG00000028195;595;772;851;1823;1542;1676
ENSMUSG00000028364;83;72;92;224;206;215
ENSMUSG00000028567;119;134;129;292;250;251
ENSMUSG00000028568;138;144;168;342;312;312
ENSMUSG00000028582;155;180;171;433;363;342
ENSMUSG00000028641;138;138;124;227;201;195
ENSMUSG00000028664;218;257;244;464;386;416
ENSMUSG00000028698;89;87;93;144;134;147
ENSMUSG00000028710;45;60;61;195;129;158
ENSMUSG00000028793;343;397;388;661;603;597
ENSMUSG00000028864;0;0;0;18;17;15
ENSMUSG00000028927;29;43;40;110;107;96
ENSMUSG00000028949;72;77;88;142;98;125
ENSMUSG00000028965;17;16;12;48;31;47
ENSMUSG00000029093;97;94;91;652;548;557
ENSMUSG00000029094;419;466;480;797;685;689
ENSMUSG00000029135;1164;1233;1202;2099;1777;1711
ENSMUSG00000029161;54;41;37;128;121;103
ENSMUSG00000029163;536;617;556;1497;1236;1333
ENSMUSG00000029217;107;79;93;177;132;127
ENSMUSG00000029231;62;96;76;297;270;265
ENSMUSG00000029304;4349;4587;4564;7758;7497;7670
ENSMUSG00000029337;1;3;2;64;74;50
ENSMUSG00000029344;286;342;339;639;483;572
ENSMUSG00000029377;160;198;200;405;355;359
ENSMUSG00000029380;87;84;82;177;158;162
ENSMUSG00000029386;51;65;45;100;78;98
ENSMUSG00000029570;89;116;104;165;153;144
ENSMUSG00000029580;21237;22708;20570;33428;31402;32050
ENSMUSG00000029581;2264;2547;2302;3941;3615;3582
ENSMUSG00000029591;101;125;107;188;186;183
ENSMUSG00000029636;27;35;42;75;55;65
ENSMUSG00000029642;429;456;395;692;655;625
ENSMUSG00000029657;889;904;914;1766;1462;1468
ENSMUSG00000029661;13366;15119;15108;24804;20631;20338
ENSMUSG00000029821;42;47;52;94;79;70
ENSMUSG00000029829;0;0;0;89;79;83
ENSMUSG00000029860;999;1152;1116;1773;1577;1617
ENSMUSG00000030109;9;3;1;56;43;39
ENSMUSG00000030276;97;98;116;177;150;151
ENSMUSG00000030292;0;0;0;15;16;8
ENSMUSG00000030319;61;70;58;190;168;223
ENSMUSG00000030329;2;0;1;76;69;67
ENSMUSG00000030562;101;106;128;566;464;487
ENSMUSG00000030598;65;76;46;136;95;120
ENSMUSG00000030600;0;0;2;21;22;20
ENSMUSG00000030616;17;16;14;117;82;95
ENSMUSG00000030630;104;115;123;250;230;189
ENSMUSG00000030761;187;216;225;1092;920;914
ENSMUSG00000030946;46;42;46;150;145;128
ENSMUSG00000031169;41;45;54;98;80;79
ENSMUSG00000031253;4;1;1;92;107;104
ENSMUSG00000031273;9;5;8;81;69;82
ENSMUSG00000031342;28;37;30;162;139;135
ENSMUSG00000031371;207;204;207;593;505;474
ENSMUSG00000031380;118;125;118;227;159;163
ENSMUSG00000031383;11;12;12;141;149;139
ENSMUSG00000031387;0;0;1;92;75;74
ENSMUSG00000031389;16;14;20;43;29;37
ENSMUSG00000031442;17;10;19;84;58;54
ENSMUSG00000031502;41;36;33;327;247;256
ENSMUSG00000031503;7;12;23;314;278;308
ENSMUSG00000031520;33;41;66;224;178;219
ENSMUSG00000031523;278;325;282;580;543;547
ENSMUSG00000031538;24;33;35;63;50;54
ENSMUSG00000031565;530;549;538;1021;929;861
ENSMUSG00000031608;349;335;392;657;497;489
ENSMUSG00000031647;53;51;61;118;91;97
ENSMUSG00000031659;197;217;215;1151;977;1048
ENSMUSG00000031730;130;123;107;192;174;174
ENSMUSG00000031740;1468;1620;1625;3949;3521;3747
ENSMUSG00000031778;306;392;346;685;599;562
ENSMUSG00000031788;167;181;195;365;266;311
ENSMUSG00000031799;1721;1813;1613;3099;2884;2805
ENSMUSG00000031827;58;54;55;148;139;163
ENSMUSG00000031862;519;624;609;952;828;870
ENSMUSG00000031903;81;95;77;125;137;118
ENSMUSG00000031904;415;389;457;725;595;630
ENSMUSG00000031906;29;17;31;125;116;147
ENSMUSG00000031930;800;842;909;1564;1367;1283
ENSMUSG00000031963;53;70;72;145;107;148
ENSMUSG00000031965;0;0;0;11;8;12
ENSMUSG00000032000;0;2;2;16;8;14
ENSMUSG00000032036;131;131;229;332;267;307
ENSMUSG00000032057;26;34;48;83;47;72
ENSMUSG00000032086;533;593;517;986;852;947
ENSMUSG00000032109;0;1;0;12;7;8
ENSMUSG00000032185;609;688;631;1256;1135;1144
ENSMUSG00000032262;26;41;28;75;56;58
ENSMUSG00000032281;26;42;26;225;189;189
ENSMUSG00000032332;1612;1970;2006;4297;3514;3623
ENSMUSG00000032340;816;957;956;1553;1313;1379
ENSMUSG00000032363;43;46;57;247;279;276
ENSMUSG00000032372;280;308;279;502;449;402
ENSMUSG00000032373;10;10;11;118;106;120
ENSMUSG00000032387;194;164;171;402;326;327
ENSMUSG00000032392;35;36;42;66;76;60
ENSMUSG00000032420;99;117;111;560;542;520
ENSMUSG00000032511;0;0;0;15;14;15
ENSMUSG00000032561;0;0;2;21;17;17
ENSMUSG00000032575;519;570;520;855;781;804
ENSMUSG00000032640;480;466;533;836;729;709
ENSMUSG00000032766;60;65;74;116;120;115
ENSMUSG00000032834;516;541;524;882;727;769
ENSMUSG00000033016;183;211;175;498;467;489
ENSMUSG00000033020;280;294;258;452;440;387
ENSMUSG00000033039;562;658;550;1113;1016;986
ENSMUSG00000033055;192;223;199;317;337;303
ENSMUSG00000033099;233;245;258;418;375;380
ENSMUSG00000033128;610;724;666;1224;1085;1146
ENSMUSG00000033170;241;259;224;1039;884;878
ENSMUSG00000033192;17;31;43;79;46;59
ENSMUSG00000033207;13;21;23;76;64;61
ENSMUSG00000033209;254;354;361;835;687;714
ENSMUSG00000033287;686;784;676;1707;1547;1593
ENSMUSG00000033350;104;116;124;180;169;170
ENSMUSG00000033434;129;145;143;245;226;216
ENSMUSG00000033542;7;10;9;275;214;223
ENSMUSG00000033576;2;6;6;28;16;25
ENSMUSG00000033585;9;13;9;47;56;49
ENSMUSG00000033685;178;171;139;307;273;312
ENSMUSG00000033697;197;231;259;437;338;394
ENSMUSG00000033880;182;208;191;342;288;313
ENSMUSG00000033909;635;731;727;1183;1018;942
ENSMUSG00000034118;213;210;183;349;309;340
ENSMUSG00000034121;46;47;49;86;86;70
ENSMUSG00000034161;169;195;169;370;325;370
ENSMUSG00000034173;52;55;54;110;85;100
ENSMUSG00000034330;88;102;125;284;194;196
ENSMUSG00000034334;23;20;22;63;50;49
ENSMUSG00000034422;73;99;95;307;263;198
ENSMUSG00000034462;614;655;729;1288;1059;1095
ENSMUSG00000034485;280;294;285;497;485;422
ENSMUSG00000034557;178;217;207;503;413;381
ENSMUSG00000034573;291;381;354;595;501;470
ENSMUSG00000034612;77;69;98;449;370;425
ENSMUSG00000034616;1;4;6;93;72;74
ENSMUSG00000034686;63;78;55;162;128;116
ENSMUSG00000034765;68;89;66;173;178;158
ENSMUSG00000034854;67;58;66;123;112;111
ENSMUSG00000034930;93;112;108;217;186;163
ENSMUSG00000035105;1;5;2;12;16;13
ENSMUSG00000035206;260;294;315;481;446;456
ENSMUSG00000035232;155;139;132;237;229;233
ENSMUSG00000035246;139;168;173;275;207;242
ENSMUSG00000035356;260;251;293;652;450;491
ENSMUSG00000035373;231;249;225;700;557;581
ENSMUSG00000035376;255;311;295;508;375;461
ENSMUSG00000035385;435;439;497;1263;1122;1100
ENSMUSG00000035390;34;40;66;118;89;87
ENSMUSG00000035513;7;17;10;33;27;34
ENSMUSG00000035569;1412;1643;1680;5535;4765;4671
ENSMUSG00000035891;212;266;271;560;524;506
ENSMUSG00000035934;118;136;156;337;228;277
ENSMUSG00000036030;83;79;88;173;147;162
ENSMUSG00000036036;71;68;93;188;140;138
ENSMUSG00000036067;11;12;9;32;31;24
ENSMUSG00000036103;558;538;622;990;737;891
ENSMUSG00000036136;52;56;59;109;91;77
ENSMUSG00000036192;38;50;67;246;227;235
ENSMUSG00000036206;294;249;241;525;418;434
ENSMUSG00000036246;139;160;191;303;224;260
ENSMUSG00000036256;627;662;715;1521;1286;1372
ENSMUSG00000036273;468;571;593;1163;934;924
ENSMUSG00000036292;2;3;3;11;16;15
ENSMUSG00000036334;33;40;36;103;90;83
ENSMUSG00000036356;93;123;116;353;267;290
ENSMUSG00000036381;4;1;5;72;70;81
ENSMUSG00000036564;5;5;10;60;27;48
ENSMUSG00000036599;77;84;86;160;155;125
ENSMUSG00000036908;0;0;0;9;7;9
ENSMUSG00000036975;36;47;47;133;81;84
ENSMUSG00000037035;85;108;115;414;319;362
ENSMUSG00000037185;72;82;95;275;282;281
ENSMUSG00000037225;42;52;44;117;105;110
ENSMUSG00000037341;2;7;4;34;27;19
ENSMUSG00000037375;91;77;120;165;139;162
ENSMUSG00000037408;159;200;180;449;388;391
ENSMUSG00000037411;528;609;508;1383;1089;1188
ENSMUSG00000037568;98;84;120;192;176;155
ENSMUSG00000037613;43;40;49;119;106;107
ENSMUSG00000037617;87;97;90;175;154;160
ENSMUSG00000037936;480;561;487;911;766;751
ENSMUSG00000037940;10;4;9;37;25;30
ENSMUSG00000037946;161;181;163;328;233;323
ENSMUSG00000038072;127;152;159;258;208;201
ENSMUSG00000038151;0;3;5;16;15;16
ENSMUSG00000038168;61;73;92;569;489;469
ENSMUSG00000038264;28;38;36;324;297;320
ENSMUSG00000038295;14;16;12;68;55;49
ENSMUSG00000038342;235;270;272;492;379;393
ENSMUSG00000038393;265;319;286;537;461;538
ENSMUSG00000038400;478;529;529;1550;1375;1394
ENSMUSG00000038463;60;73;70;111;108;114
ENSMUSG00000038521;64;30;69;194;149;162
ENSMUSG00000038594;106;143;110;227;177;179
ENSMUSG00000038756;2;2;2;14;13;11
ENSMUSG00000038765;2;2;1;31;16;25
ENSMUSG00000038855;22;39;38;279;263;263
ENSMUSG00000038963;46;67;55;234;180;218
ENSMUSG00000039103;38;43;50;100;78;79
ENSMUSG00000039115;4;0;6;21;17;19
ENSMUSG00000039236;39;46;28;60;80;62
ENSMUSG00000039316;263;324;330;543;532;551
ENSMUSG00000039385;2;2;3;32;26;34
ENSMUSG00000039395;128;126;133;267;209;239
ENSMUSG00000039427;170;194;179;308;252;258
ENSMUSG00000039478;149;166;172;270;222;261
ENSMUSG00000039542;1253;1474;1487;2379;2019;2240
ENSMUSG00000039621;2;5;2;21;14;17
ENSMUSG00000039747;138;165;139;313;287;256
ENSMUSG00000039814;2;2;1;44;39;36
ENSMUSG00000039911;87;88;105;183;137;136
ENSMUSG00000039929;431;445;493;843;668;717
ENSMUSG00000039976;62;78;62;188;160;174
ENSMUSG00000040118;400;449;501;913;772;784
ENSMUSG00000040152;1761;2046;2102;4989;4125;4289
ENSMUSG00000040163;0;0;0;15;20;20
ENSMUSG00000040183;3;10;11;28;22;20
ENSMUSG00000040209;282;321;302;565;462;483
ENSMUSG00000040260;59;63;68;185;117;132
ENSMUSG00000040268;688;724;711;1194;1002;1031
ENSMUSG00000040310;1;5;4;27;24;35
ENSMUSG00000040430;95;99;123;196;163;170
ENSMUSG00000040464;102;119;115;230;206;202
ENSMUSG00000040488;127;169;140;287;275;324
ENSMUSG00000040543;2;0;1;16;14;6
ENSMUSG00000040562;81;68;77;187;163;153
ENSMUSG00000040649;1;0;3;18;10;9
ENSMUSG00000040690;102;122;94;491;407;431
ENSMUSG00000040699;66;71;56;198;176;188
ENSMUSG00000040811;12;9;9;85;84;63
ENSMUSG00000040848;233;257;222;476;433;411
ENSMUSG00000040852;7;8;10;178;161;171
ENSMUSG00000041180;44;62;52;89;92;81
ENSMUSG00000041298;82;78;69;144;111;97
ENSMUSG00000041324;84;98;82;208;188;165
ENSMUSG00000041482;8;8;5;96;85;87
ENSMUSG00000041540;19;14;22;58;44;54
ENSMUSG00000041605;45;48;54;211;186;185
ENSMUSG00000041703;2;4;1;70;56;51
ENSMUSG00000041729;29;36;32;87;92;79
ENSMUSG00000041731;9;12;12;260;205;214
ENSMUSG00000041774;72;108;99;229;170;210
ENSMUSG00000041886;26;21;33;62;50;49
ENSMUSG00000041895;246;281;224;413;377;361
ENSMUSG00000041926;302;346;301;526;500;482
ENSMUSG00000041957;142;167;170;279;251;312
ENSMUSG00000042155;42;34;36;77;75;65
ENSMUSG00000042207;314;328;328;690;560;574
ENSMUSG00000042286;4;3;3;243;194;190
ENSMUSG00000042439;107;113;122;397;333;292
ENSMUSG00000042485;40;32;34;75;63;67
ENSMUSG00000042524;825;947;965;1583;1374;1458
ENSMUSG00000042535;607;753;593;1216;1120;1141
ENSMUSG00000042622;48;46;45;121;121;120
ENSMUSG00000042632;285;318;363;728;571;630
ENSMUSG00000042659;48;59;45;119;113;103
ENSMUSG00000042793;22;22;13;103;103;108
ENSMUSG00000042804;12;22;18;61;33;54
ENSMUSG00000042810;7;11;12;46;23;30
ENSMUSG00000042821;162;173;171;304;303;259
ENSMUSG00000042834;80;93;91;255;252;252
ENSMUSG00000043004;13;20;15;286;261;268
ENSMUSG00000043067;894;1039;891;1623;1421;1416
ENSMUSG00000043153;1;0;6;25;21;20
ENSMUSG00000043336;422;383;424;868;717;763
ENSMUSG00000043391;16;13;14;75;93;99
ENSMUSG00000043439;83;86;80;160;105;132
ENSMUSG00000043456;17;14;23;159;157;142
ENSMUSG00000043964;58;62;55;95;99;95
ENSMUSG00000043969;32;13;20;52;45;52
ENSMUSG00000044250;30;38;49;120;94;92
ENSMUSG00000044288;10;17;9;32;27;43
ENSMUSG00000044320;27;20;17;70;77;51
ENSMUSG00000044340;286;323;398;603;547;532
ENSMUSG00000044367;128;151;125;249;243;195
ENSMUSG00000044456;98;114;112;367;288;342
ENSMUSG00000044528;9;8;5;69;45;66
ENSMUSG00000044629;5;6;8;47;40;52
ENSMUSG00000044676;0;0;0;8;12;5
ENSMUSG00000044986;91;95;90;171;151;142
ENSMUSG00000045107;3;1;1;56;35;45
ENSMUSG00000045672;54;63;66;197;153;150
ENSMUSG00000045709;0;0;1;19;8;15
ENSMUSG00000045790;0;7;7;29;32;43
ENSMUSG00000046152;107;117;120;215;173;173
ENSMUSG00000046157;16;7;11;33;32;31
ENSMUSG00000046169;193;200;278;670;535;533
ENSMUSG00000046318;28;32;35;473;391;376
ENSMUSG00000046532;37;48;52;354;296;311
ENSMUSG00000046561;36;36;53;106;67;87
ENSMUSG00000046572;40;37;34;192;195;177
ENSMUSG00000046623;41;46;53;107;96;82
ENSMUSG00000046718;25;39;28;125;108;97
ENSMUSG00000046761;37;40;20;84;96;80
ENSMUSG00000046808;80;61;87;136;113;112
ENSMUSG00000047139;9;15;11;57;57;50
ENSMUSG00000047146;21;25;26;53;49;44
ENSMUSG00000047221;218;221;232;510;410;436
ENSMUSG00000047250;194;202;200;437;368;384
ENSMUSG00000047443;2;3;2;131;105;130
ENSMUSG00000047496;2;7;6;56;31;47
ENSMUSG00000047497;217;243;312;766;566;620
ENSMUSG00000047638;7;7;5;46;36;38
ENSMUSG00000047712;237;257;326;633;513;546
ENSMUSG00000047747;115;134;148;338;237;255
ENSMUSG00000047759;29;27;31;187;162;148
ENSMUSG00000047767;73;74;89;141;105;113
ENSMUSG00000047945;155;169;137;466;395;436
ENSMUSG00000048126;1;2;1;69;61;60
ENSMUSG00000048186;11;14;17;56;39;36
ENSMUSG00000048218;14;20;21;55;53;58
ENSMUSG00000048429;144;142;156;247;219;242
ENSMUSG00000048450;18;28;17;48;60;63
ENSMUSG00000048782;29;23;40;236;195;209
ENSMUSG00000049184;92;84;122;166;129;157
ENSMUSG00000049382;7;5;1;19;28;28
ENSMUSG00000049502;159;169;180;436;412;377
ENSMUSG00000049521;496;553;521;1382;1219;1284
ENSMUSG00000049604;0;0;0;19;16;20
ENSMUSG00000049719;3;2;3;17;16;31
ENSMUSG00000049866;370;404;332;810;738;773
ENSMUSG00000050138;2;0;0;30;26;25
ENSMUSG00000050271;143;172;208;413;328;333
ENSMUSG00000050447;2;8;9;49;43;53
ENSMUSG00000050545;0;1;3;17;7;10
ENSMUSG00000050627;277;270;262;424;392;411
ENSMUSG00000051166;44;58;61;146;107;122
ENSMUSG00000051331;268;292;414;725;572;645
ENSMUSG00000051359;20;16;14;63;49;46
ENSMUSG00000051439;1;1;0;19;23;24
ENSMUSG00000051518;155;168;156;287;283;305
ENSMUSG00000051537;2;6;8;24;30;36
ENSMUSG00000051817;159;158;150;305;298;314
ENSMUSG00000052085;296;353;321;993;881;906
ENSMUSG00000052353;98;102;124;196;162;170
ENSMUSG00000052516;99;143;153;375;309;306
ENSMUSG00000052560;926;991;1086;1715;1458;1454
ENSMUSG00000053007;35;41;39;98;94;98
ENSMUSG00000053137;60;80;56;136;102;124
ENSMUSG00000053219;11;9;11;37;27;33
ENSMUSG00000053475;24;10;23;60;48;50
ENSMUSG00000053560;240;273;230;398;357;371
ENSMUSG00000053846;7;20;19;67;51;52
ENSMUSG00000054364;241;256;241;572;534;599
ENSMUSG00000054453;2;2;0;32;30;22
ENSMUSG00000054520;126;133;123;246;224;202
ENSMUSG00000054555;111;86;96;773;630;626
ENSMUSG00000054728;7;12;7;23;34;17
ENSMUSG00000054863;0;0;0;15;15;13
ENSMUSG00000054942;1;3;4;25;18;11
ENSMUSG00000055148;30;24;30;166;112;135
ENSMUSG00000055172;146;149;142;212;208;258
ENSMUSG00000055403;6;4;7;113;83;99
ENSMUSG00000055629;26;25;22;105;105;91
ENSMUSG00000055632;4;8;9;30;15;25
ENSMUSG00000055737;282;351;390;619;483;542
ENSMUSG00000056313;55;80;71;197;144;168
ENSMUSG00000056476;6;8;3;23;29;17
ENSMUSG00000056665;157;177;160;321;300;312
ENSMUSG00000056679;2;1;2;24;19;27
ENSMUSG00000056888;6;7;11;30;29;23
ENSMUSG00000057098;195;214;236;529;407;424
ENSMUSG00000057234;55;47;79;122;123;114
ENSMUSG00000057337;15;12;17;97;83;80
ENSMUSG00000058056;839;924;909;2300;1836;1984
ENSMUSG00000059182;74;77;106;252;201;176
ENSMUSG00000059411;0;0;0;7;5;5
ENSMUSG00000059456;0;1;1;37;28;31
ENSMUSG00000059493;159;128;165;297;227;218
ENSMUSG00000059776;15;18;25;50;48;41
ENSMUSG00000059878;9;15;9;76;75;96
ENSMUSG00000059901;104;124;113;371;307;353
ENSMUSG00000060227;141;144;146;243;228;211
ENSMUSG00000060314;1;0;0;22;17;13
ENSMUSG00000060336;27;36;30;81;80;64
ENSMUSG00000060548;82;83;87;137;121;137
ENSMUSG00000061013;73;66;93;158;99;129
ENSMUSG00000061232;165;165;153;373;322;343
ENSMUSG00000061353;201;237;231;619;550;514
ENSMUSG00000061751;1147;1308;1654;2610;1925;2114
ENSMUSG00000061878;67;57;51;153;153;160
ENSMUSG00000062110;139;147;186;289;231;232
ENSMUSG00000062175;124;122;139;206;214;216
ENSMUSG00000062184;194;214;273;382;343;370
ENSMUSG00000062421;132;176;158;320;317;322
ENSMUSG00000062519;126;143;135;219;185;205
ENSMUSG00000062751;0;0;0;96;123;101
ENSMUSG00000062866;99;95;85;212;146;141
ENSMUSG00000063018;53;54;56;93;98;90
ENSMUSG00000063146;231;255;263;433;406;402
ENSMUSG00000063193;33;33;34;145;112;122
ENSMUSG00000063296;23;16;29;98;81;94
ENSMUSG00000063415;15;25;21;52;36;51
ENSMUSG00000063458;4;16;11;251;199;188
ENSMUSG00000063531;0;2;0;17;16;12
ENSMUSG00000063605;106;145;147;228;221;193
ENSMUSG00000063632;211;207;194;376;315;355
ENSMUSG00000064043;3;4;3;21;17;18
ENSMUSG00000065954;307;322;323;571;497;490
ENSMUSG00000066894;36;38;29;91;64;75
ENSMUSG00000067276;26;24;25;115;99;92
ENSMUSG00000067780;115;122;156;255;231;273
ENSMUSG00000067825;74;61;49;117;101;90
ENSMUSG00000068114;74;71;81;146;113;116
ENSMUSG00000068551;2;0;1;36;24;19
ENSMUSG00000069601;585;646;748;1499;1242;1232
ENSMUSG00000070407;9;17;11;73;71;70
ENSMUSG00000070524;4;6;7;17;22;20
ENSMUSG00000070526;37;45;38;66;70;69
ENSMUSG00000070576;285;302;283;807;712;709
ENSMUSG00000070695;2;4;0;20;11;16
ENSMUSG00000070720;0;0;0;7;7;5
ENSMUSG00000070942;0;1;0;15;5;7
ENSMUSG00000071757;324;397;354;631;530;539
ENSMUSG00000073077;77;79;83;160;111;112
ENSMUSG00000073599;0;1;0;39;21;33
ENSMUSG00000074259;29;33;31;90;67;73
ENSMUSG00000074604;9;9;8;33;33;22
ENSMUSG00000074934;102;75;85;711;590;636
ENSMUSG00000075012;79;86;97;138;132;159
ENSMUSG00000075014;27;38;60;419;481;393
ENSMUSG00000075015;2;3;14;46;48;33
ENSMUSG00000076435;44;47;33;104;109;100
ENSMUSG00000076441;307;306;299;477;521;471
ENSMUSG00000078190;57;63;60;235;152;190
ENSMUSG00000078247;11;10;18;196;127;169
ENSMUSG00000078302;3;1;3;34;28;42
ENSMUSG00000078502;18;25;16;77;59;73
ENSMUSG00000079502;8;4;7;44;44;42
ENSMUSG00000079658;418;484;474;763;719;698
ENSMUSG00000080717;123;135;173;274;252;223
ENSMUSG00000083307;0;0;0;23;17;24
ENSMUSG00000084111;1004;1038;916;2517;2304;2182
ENSMUSG00000084885;0;1;0;12;9;12
ENSMUSG00000084965;0;1;0;32;29;23
ENSMUSG00000085201;63;69;83;131;123;116
ENSMUSG00000085596;12;14;24;71;45;49
ENSMUSG00000085795;291;323;299;535;415;454
ENSMUSG00000087006;12;7;5;86;94;100
ENSMUSG00000087230;1;0;5;23;19;18
ENSMUSG00000087259;62;60;63;152;115;131
ENSMUSG00000087292;3;5;3;21;23;17
ENSMUSG00000087543;80;72;93;118;116;132
ENSMUSG00000090066;14;6;9;52;27;35
ENSMUSG00000090086;49;58;67;133;88;88
ENSMUSG00000090799;30;37;36;80;53;67
ENSMUSG00000090958;86;85;96;322;320;320
ENSMUSG00000091028;1;3;3;13;14;16
ENSMUSG00000094377;79;87;112;118;166;141
ENSMUSG00000095280;3;5;10;47;55;47
ENSMUSG00000095742;5;7;5;74;97;87
ENSMUSG00000096210;436;485;448;1208;1147;1143
ENSMUSG00000096243;128;115;142;193;206;230
ENSMUSG00000096385;0;0;2;13;9;15
ENSMUSG00000096965;56;54;69;109;92;88
ENSMUSG00000097180;61;57;76;142;111;86
ENSMUSG00000097183;54;59;53;112;96;107
ENSMUSG00000097287;19;28;14;52;39;40
ENSMUSG00000097415;807;972;824;1474;1316;1231
ENSMUSG00000097651;235;267;322;527;440;381
ENSMUSG00000097709;34;40;32;106;74;81
ENSMUSG00000097789;389;443;368;795;727;691
ENSMUSG00000100779;22;16;15;45;32;53
ENSMUSG00000100782;3;1;5;19;11;14
ENSMUSG00000102590;108;105;137;268;256;263
ENSMUSG00000102676;0;1;0;9;9;7
ENSMUSG00000109321;33;53;59;103;70;70
ENSMUSG00000111059;0;0;0;7;8;3
ENSMUSG00000112742;40;47;55;96;73;76
ENSMUSG00000116165;32;37;39;79;76;65
ENSMUSG00000116673;111;153;155;300;280;237
ENSMUSG00000117183;42;35;41;82;69;78
